loss,accuracy,val_loss,val_accuracy
0.6924487902641296,0.5174000263214111,0.6873966717416313,0.6266000270843506
0.6651191355705262,0.6005499958992004,0.632439009702889,0.6394000053405762
