loss,accuracy,val_loss,val_accuracy
0.6931198378562927,0.5074499845504761,0.6880742975860644,0.5108000040054321
0.6714747399330139,0.5845500230789185,0.6382951147996696,0.635200023651123
