loss,accuracy,val_loss,val_accuracy
1.1920930376163597e-07,0.5,1.1920930376163597e-07,0.5
1.1920930376163597e-07,0.5,1.1920930376163597e-07,0.5
