loss,accuracy,val_loss,val_accuracy
0.6916325813293457,0.5156499743461609,0.6795798540115356,0.5982000231742859
0.6672896007537842,0.5945000052452087,0.6506095889267648,0.6218000054359436
